{
    "$schema":"https://schema.management.azure.com/schemas/2015-01-01/deploymentTemplate.json#",
    "contentVersion":"1.0.0.0",
    "parameters":{
        "clusterName":{
            "type":"string",
            "metadata":{
                "description":"The name of the HDInsight cluster to create."
            }
        },
        "galleryPackageIdentity": {
            "type": "string",
            "metadata": {
                "description" : "Any non-empty value is accepted. After the package is published, this parameter will be used to link the application install to the details about the application in the marketplace."
            },
            "defaultValue": "IntelBigDL"
        },
        "clusterWorkerNodeCount": {
            "type": "int",
            "defaultValue": 2,
            "metadata": {
              "description": "The number of nodes in the HDInsight cluster."
            }
        },
        "clusterLoginUserName":{
            "type":"string",
            "defaultValue":"admin",
            "metadata":{
                "description":"These credentials can be used to submit jobs to the cluster and to log into cluster dashboards."
            }
        },
        "clusterLoginPassword":{
            "type":"securestring",
            "metadata":{
                "description":"The password must be at least 10 characters in length and must contain at least one digit, one non-alphanumeric character, and one upper or lower case letter."
            }
        },
        "sshUserName":{
            "type":"string",
            "defaultValue":"sshuser",
            "metadata":{
                "description":"These credentials can be used to remotely access the cluster."
            }
        },
        "sshPassword":{
            "type":"securestring",
            "metadata":{
                "description":"The password must be at least 10 characters in length and must contain at least one digit, one non-alphanumeric character, and one upper or lower case letter."
            }
        },
        "edgeNodeSize": {
            "type": "string",
            "metadata": {
                "description": "Size of the edge node that hosts the application"
            },
            "defaultValue": "Standard_D1",
            "allowedValues": [
                "Standard_A1",
                "Standard_A2",
                "Standard_A3",
                "Standard_A4",
                "Standard_D1",
                "Standard_D2",
                "Standard_D3",
                "Standard_D4"
            ]
        }
    },

    "variables":{
      
        "applicationName": "IntelBigDL"
    },
   
    "resources":[
        {
            "type":"Microsoft.HDInsight/clusters",
            "name":"[parameters('clusterName')]",
            "location":"[resourceGroup().location]",
            "apiVersion":"2015-03-01-preview",
            "tags":{},
            "properties":{
                "applicationType": "CustomApplication",
                "marketPlaceIdentifier": "[parameters('galleryPackageIdentity')]",
                "clusterVersion":"3.6",
                "osType":"Linux",
                "tier":"Standard",
                "clusterDefinition":{
                    "kind":"spark",
                    "configurations":{
                        "gateway":{
                            "restAuthCredential.isEnabled":true,
                            "restAuthCredential.username":"[parameters('clusterLoginUserName')]",
                            "restAuthCredential.password":"[parameters('clusterLoginPassword')]"
                        }
                    }
                },
                "computeProfile":{
                    "roles":[
                        {
                            "name": "headnode",
                            "targetInstanceCount": "1",
                            "hardwareProfile": {
                                "vmSize": "Standard_D12_v2"
                            },
                            "osProfile":{
                                "linuxOperatingSystemProfile":{
                                    "username":"[parameters('sshUserName')]",
                                    "password":"[parameters('sshPassword')]"
                                }
                            },
                            "virtualNetworkProfile": null,
                            "scriptActions": [
                                {
                                    "name": "[concat('IntelBigDL-install-v4','-' ,uniquestring(variables('applicationName')))]",
                                    "uri": "https://bigdlhdinsightoffer.blob.core.windows.net/hdinsightbigdlv04a/Intel-BigDL-Install.sh",
                                    "parameters": "[parameters('sshUserName')]"
                                  }
                            ]
                        },
                        {
                            "name": "workernode",
                            "targetInstanceCount": "[parameters('clusterWorkerNodeCount')]",
                            "hardwareProfile": {
                                "vmSize": "Standard_D12_v2"
                            },
                            "osProfile":{
                                "linuxOperatingSystemProfile":{
                                    "username":"[parameters('sshUserName')]",
                                    "password":"[parameters('sshPassword')]"
                                }
                            },
                            "virtualNetworkProfile": null,
                            "scriptActions": []
                        }
                    ]
                }
            }
        },
        {
            "name": "[concat(parameters('clusterName'),'/', variables('applicationName'))]",
            "type": "Microsoft.HDInsight/clusters/applications",
            "location":"[resourceGroup().location]",
            "apiVersion":"2015-03-01-preview",
            "properties": {
              "marketPlaceIdentifier": "[parameters('galleryPackageIdentity')]",
              "computeProfile": {
                "roles": [{
                  "name": "edgenode",
                  "targetInstanceCount": 1,
                  "hardwareProfile": {
                    "vmSize": "[parameters('edgeNodeSize')]"
                  }
                }]
              },
              "installScriptActions": [{
                "name": "[concat('IntelBigDL-install-v4','-' ,uniquestring(variables('applicationName')))]",
                "uri": "https://bigdlhdinsightoffer.blob.core.windows.net/hdinsightbigdlv04a/Intel-BigDL-Install.sh",
                "parameters": "[parameters('sshUserName')]",
                "roles": ["edgenode"]
              }
            ],
              "uninstallScriptActions": [],
              "applicationType": "CustomApplication"
            }
        }

    ],
    
    "outputs":{
       
        "cluster":{
            "type":"object",
            "value":"[reference(resourceId('Microsoft.HDInsight/clusters',parameters('clusterName')))]"
        }
    }
}
